<application>
  <component name="ProjectManager">
    <defaultProject>
      <component name="CMakeSettings">
        <configurations>
          <configuration PROFILE_NAME="Debug" CONFIG_NAME="Debug" />
        </configurations>
      </component>
      <component name="Encoding" addBOMForNewFiles="with NO BOM">
        <file url="PROJECT" charset="UTF-8" />
      </component>
      <component name="ProjectInspectionProfilesVisibleTreeState">
        <entry key="Project Default">
          <profile-state>
            <expanded-state>
              <State />
              <State>
                <id>Internationalization</id>
              </State>
              <State>
                <id>Python</id>
              </State>
            </expanded-state>
          </profile-state>
        </entry>
      </component>
      <component name="PropertiesComponent">
        <property name="last_opened_file_path" value="$USER_HOME$/studyBackEnd" />
        <property name="nodejs_interpreter_path.stuck_in_default_project" value="undefined stuck path" />
        <property name="nodejs_npm_path_reset_for_default_project" value="true" />
        <property name="settings.editor.selected.configurable" value="File.Encoding" />
      </component>
    </defaultProject>
  </component>
</application>